"Name () (71c)","Pos () (71c)","Team () (71c)","Injury () (71d)","Return Date () (71d)","Date Injured () (71d)"
"Rudy Gobert","C","Minnesota Timberwolves",,,
"Naz Reid","C","Minnesota Timberwolves",,,
"Julius Randle","C","Minnesota Timberwolves",,,
"Luka Garza","C","Minnesota Timberwolves","Ankle","Expected To Be Out Until At Least Dec 27","2024-12-24"
"Jesse Edwards","C","Minnesota Timberwolves",,,
"Julius Randle","PF","Minnesota Timberwolves",,,
"Naz Reid","PF","Minnesota Timberwolves",,,
"Joe Ingles","PF","Minnesota Timberwolves","Calf","Expected To Be Out Until At Least Dec 27","2024-12-24"
"PJ Dozier","PF","Minnesota Timberwolves",,,
"Jaden McDaniels","PF","Minnesota Timberwolves",,,
"Mike Conley","PG","Minnesota Timberwolves",,,
"Donte DiVincenzo","PG","Minnesota Timberwolves",,,
"Robert Dillingham","PG","Minnesota Timberwolves",,,
"Anthony Edwards","PG","Minnesota Timberwolves",,,
"Daishen Nix","PG","Minnesota Timberwolves","Ankle","Expected To Be Out Until At Least Dec 27","2024-12-24"
"Jaden McDaniels","SF","Minnesota Timberwolves",,,
"Josh Minott","SF","Minnesota Timberwolves",,,
"Nickeil Alexander-Walker","SF","Minnesota Timberwolves",,,
"Donte DiVincenzo","SF","Minnesota Timberwolves",,,
"Joe Ingles","SF","Minnesota Timberwolves","Calf","Expected To Be Out Until At Least Dec 27","2024-12-24"
"Terrence Shannon Jr.","SF","Minnesota Timberwolves",,,
"PJ Dozier","SF","Minnesota Timberwolves",,,
"Anthony Edwards","SF","Minnesota Timberwolves",,,
"Jaylen Clark","SF","Minnesota Timberwolves",,,
"Anthony Edwards","SG","Minnesota Timberwolves",,,
"Nickeil Alexander-Walker","SG","Minnesota Timberwolves",,,
"Donte DiVincenzo","SG","Minnesota Timberwolves",,,
"Joe Ingles","SG","Minnesota Timberwolves","Calf","Expected To Be Out Until At Least Dec 27","2024-12-24"
"Terrence Shannon Jr.","SG","Minnesota Timberwolves",,,
"Josh Minott","SG","Minnesota Timberwolves",,,
"PJ Dozier","SG","Minnesota Timberwolves",,,
"Jaylen Clark","SG","Minnesota Timberwolves",,,
"Daishen Nix","SG","Minnesota Timberwolves","Ankle","Expected To Be Out Until At Least Dec 27","2024-12-24"
"Myles Turner","C","Indiana Pacers","Oblique","Probable","2024-12-25"
"Thomas Bryant","C","Indiana Pacers",,,
"Obi Toppin","C","Indiana Pacers",,,
"Enrique Freeman","C","Indiana Pacers",,,
"Pascal Siakam","C","Indiana Pacers",,,
"James Johnson","C","Indiana Pacers",,,
"Jarace Walker","C","Indiana Pacers",,,
"Isaiah Jackson","C","Indiana Pacers","Achilles","Out For The Season","2024-11-2"
"James Wiseman","C","Indiana Pacers","Achilles","Out For The Season","2024-10-24"
"Pascal Siakam","PF","Indiana Pacers",,,
"Obi Toppin","PF","Indiana Pacers",,,
"Jarace Walker","PF","Indiana Pacers",,,
"Enrique Freeman","PF","Indiana Pacers",,,
"James Johnson","PF","Indiana Pacers",,,
"Aaron Nesmith","PF","Indiana Pacers","Ankle","Expected To Be Out Until At Least Jan 2","2024-12-24"
"Tyrese Haliburton","PG","Indiana Pacers",,,
"T.J. McConnell","PG","Indiana Pacers",,,
"Andrew Nembhard","PG","Indiana Pacers",,,
"Tristen Newton","PG","Indiana Pacers",,,
"Quenton Jackson","PG","Indiana Pacers",,,
"Ben Sheppard","PG","Indiana Pacers",,,
"Bennedict Mathurin","SF","Indiana Pacers",,,
"Jarace Walker","SF","Indiana Pacers",,,
"Johnny Furphy","SF","Indiana Pacers",,,
"Ben Sheppard","SF","Indiana Pacers",,,
"Pascal Siakam","SF","Indiana Pacers",,,
"Quenton Jackson","SF","Indiana Pacers",,,
"Aaron Nesmith","SF","Indiana Pacers","Ankle","Expected To Be Out Until At Least Jan 2","2024-12-24"
"Andrew Nembhard","SG","Indiana Pacers",,,
"Ben Sheppard","SG","Indiana Pacers",,,
"Johnny Furphy","SG","Indiana Pacers",,,
"Bennedict Mathurin","SG","Indiana Pacers",,,
"Quenton Jackson","SG","Indiana Pacers",,,
"Tristen Newton","SG","Indiana Pacers",,,
"Tyrese Haliburton","SG","Indiana Pacers",,,
"Aaron Nesmith","SG","Indiana Pacers","Ankle","Expected To Be Out Until At Least Jan 2","2024-12-24"
"Walker Kessler","C","Utah Jazz",,,
"Kyle Filipowski","C","Utah Jazz",,,
"Drew Eubanks","C","Utah Jazz",,,
"John Collins","C","Utah Jazz","Hip","Probable","2024-12-24"
"Oscar Tshiebwe","C","Utah Jazz",,,
"Micah Potter","C","Utah Jazz",,,
"Taylor Hendricks","C","Utah Jazz","Lower Leg","Out For The Season","2024-11-1"
"John Collins","PF","Utah Jazz","Hip","Probable","2024-12-24"
"Brice Sensabaugh","PF","Utah Jazz",,,
"Kyle Filipowski","PF","Utah Jazz",,,
"Lauri Markkanen","PF","Utah Jazz",,,
"Micah Potter","PF","Utah Jazz",,,
"Cody Williams","PF","Utah Jazz",,,
"Taylor Hendricks","PF","Utah Jazz","Lower Leg","Out For The Season","2024-11-1"
"Keyonte George","PG","Utah Jazz","Ankle","Probable","2024-12-24"
"Isaiah Collier","PG","Utah Jazz",,,
"Collin Sexton","PG","Utah Jazz",,,
"Patty Mills","PG","Utah Jazz",,,
"Jordan Clarkson","PG","Utah Jazz",,,
"Lauri Markkanen","SF","Utah Jazz",,,
"Johnny Juzang","SF","Utah Jazz",,,
"Brice Sensabaugh","SF","Utah Jazz",,,
"Sviatoslav Mykhailiuk","SF","Utah Jazz",,,
"Cody Williams","SF","Utah Jazz",,,
"David Jones","SF","Utah Jazz",,,
"Jordan Clarkson","SF","Utah Jazz",,,
"Taylor Hendricks","SF","Utah Jazz","Lower Leg","Out For The Season","2024-11-1"
"Collin Sexton","SG","Utah Jazz",,,
"Jordan Clarkson","SG","Utah Jazz",,,
"Johnny Juzang","SG","Utah Jazz",,,
"Sviatoslav Mykhailiuk","SG","Utah Jazz",,,
"Isaiah Collier","SG","Utah Jazz",,,
"David Jones","SG","Utah Jazz",,,
"Brice Sensabaugh","SG","Utah Jazz",,,
"Goga Bitadze","C","Orlando Magic",,,
"Wendell Carter Jr.","C","Orlando Magic",,,
"Jonathan Isaac","C","Orlando Magic",,,
"Moritz Wagner","C","Orlando Magic","Knee","Out For The Season","2024-12-22"
"Wendell Carter Jr.","PF","Orlando Magic",,,
"Jonathan Isaac","PF","Orlando Magic",,,
"Tristan Da Silva","PF","Orlando Magic",,,
"Jett Howard","PF","Orlando Magic",,,
"Caleb Houstan","PF","Orlando Magic",,,
"Paolo Banchero","PF","Orlando Magic","Oblique","Expected To Be Out Until At Least Jan 5","2024-12-24"
"Franz Wagner","PF","Orlando Magic","Oblique","Expected To Be Out Until At Least Jan 15","2024-12-24"
"Moritz Wagner","PF","Orlando Magic","Knee","Out For The Season","2024-12-22"
"Jalen Suggs","PG","Orlando Magic",,,
"Anthony Black","PG","Orlando Magic",,,
"Cory Joseph","PG","Orlando Magic",,,
"Cole Anthony","PG","Orlando Magic",,,
"Trevelin Queen","PG","Orlando Magic",,,
"Mac McClung","PG","Orlando Magic","Leg","Probable","2024-12-24"
"Tristan Da Silva","SF","Orlando Magic",,,
"Gary Harris","SF","Orlando Magic","Hamstring","Probable","2024-12-24"
"Jett Howard","SF","Orlando Magic",,,
"Caleb Houstan","SF","Orlando Magic",,,
"Kentavious Caldwell-Pope","SF","Orlando Magic",,,
"Anthony Black","SF","Orlando Magic",,,
"Jonathan Isaac","SF","Orlando Magic",,,
"Jalen Suggs","SF","Orlando Magic",,,
"Paolo Banchero","SF","Orlando Magic","Oblique","Expected To Be Out Until At Least Jan 5","2024-12-24"
"Franz Wagner","SF","Orlando Magic","Oblique","Expected To Be Out Until At Least Jan 15","2024-12-24"
"Kentavious Caldwell-Pope","SG","Orlando Magic",,,
"Cole Anthony","SG","Orlando Magic",,,
"Gary Harris","SG","Orlando Magic","Hamstring","Probable","2024-12-24"
"Anthony Black","SG","Orlando Magic",,,
"Jett Howard","SG","Orlando Magic",,,
"Trevelin Queen","SG","Orlando Magic",,,
"Caleb Houstan","SG","Orlando Magic",,,
"Jalen Suggs","SG","Orlando Magic",,,
"Mac McClung","SG","Orlando Magic","Leg","Probable","2024-12-24"
"Franz Wagner","SG","Orlando Magic","Oblique","Expected To Be Out Until At Least Jan 15","2024-12-24"
"Clint Capela","C","Atlanta Hawks",,,
"Onyeka Okongwu","C","Atlanta Hawks","Knee","Expected To Be Out Until At Least Dec 28","2024-12-18"
"Larry Nance Jr.","C","Atlanta Hawks",,,
"Dominick Barlow","C","Atlanta Hawks","Illness","Probable","2024-12-24"
"Mouhamed Gueye","C","Atlanta Hawks",,,
"Jalen Johnson","C","Atlanta Hawks",,,
"Cody Zeller","C","Atlanta Hawks","Personal","Probable","2024-12-24"
"Jalen Johnson","PF","Atlanta Hawks",,,
"De'Andre Hunter","PF","Atlanta Hawks",,,
"Larry Nance Jr.","PF","Atlanta Hawks",,,
"David Roddy","PF","Atlanta Hawks",,,
"Zaccharie Risacher","PF","Atlanta Hawks",,,
"Onyeka Okongwu","PF","Atlanta Hawks","Knee","Expected To Be Out Until At Least Dec 28","2024-12-18"
"Mouhamed Gueye","PF","Atlanta Hawks",,,
"Dominick Barlow","PF","Atlanta Hawks","Illness","Probable","2024-12-24"
"Trae Young","PG","Atlanta Hawks","Heel","Probable","2024-12-25"
"Vit Krejci","PG","Atlanta Hawks",,,
"Keaton Wallace","PG","Atlanta Hawks",,,
"Dyson Daniels","PG","Atlanta Hawks",,,
"Kobe Bufkin","PG","Atlanta Hawks","Shoulder","Out For The Season","2024-12-18"
"Zaccharie Risacher","SF","Atlanta Hawks",,,
"De'Andre Hunter","SF","Atlanta Hawks",,,
"Bogdan Bogdanovic","SF","Atlanta Hawks","Lower Leg","Probable","2024-12-24"
"Garrison Mathews","SF","Atlanta Hawks",,,
"Vit Krejci","SF","Atlanta Hawks",,,
"David Roddy","SF","Atlanta Hawks",,,
"Dyson Daniels","SF","Atlanta Hawks",,,
"Jalen Johnson","SF","Atlanta Hawks",,,
"Dyson Daniels","SG","Atlanta Hawks",,,
"Bogdan Bogdanovic","SG","Atlanta Hawks","Lower Leg","Probable","2024-12-24"
"Vit Krejci","SG","Atlanta Hawks",,,
"Garrison Mathews","SG","Atlanta Hawks",,,
"Zaccharie Risacher","SG","Atlanta Hawks",,,
"Keaton Wallace","SG","Atlanta Hawks",,,
"Kobe Bufkin","SG","Atlanta Hawks","Shoulder","Out For The Season","2024-12-18"
"Kristaps Porzingis","C","Boston Celtics",,,
"Luke Kornet","C","Boston Celtics",,,
"Al Horford","C","Boston Celtics",,,
"Neemias Queta","C","Boston Celtics",,,
"Xavier Tillman","C","Boston Celtics",,,
"Jayson Tatum","PF","Boston Celtics",,,
"Al Horford","PF","Boston Celtics",,,
"Sam Hauser","PF","Boston Celtics",,,
"Drew Peterson","PF","Boston Celtics",,,
"Xavier Tillman","PF","Boston Celtics",,,
"Jordan Walsh","PF","Boston Celtics",,,
"Kristaps Porzingis","PF","Boston Celtics",,,
"Anton Watson","PF","Boston Celtics",,,
"Jrue Holiday","PG","Boston Celtics","Shoulder","Expected To Be Out Until At Least Dec 27","2024-12-25"
"Payton Pritchard","PG","Boston Celtics",,,
"Derrick White","PG","Boston Celtics",,,
"JD Davison","PG","Boston Celtics",,,
"Jaden Springer","PG","Boston Celtics",,,
"Jaylen Brown","SF","Boston Celtics",,,
"Sam Hauser","SF","Boston Celtics",,,
"Jayson Tatum","SF","Boston Celtics",,,
"Jordan Walsh","SF","Boston Celtics",,,
"Jaden Springer","SF","Boston Celtics",,,
"Baylor Scheierman","SF","Boston Celtics",,,
"Drew Peterson","SF","Boston Celtics",,,
"Anton Watson","SF","Boston Celtics",,,
"Derrick White","SG","Boston Celtics",,,
"Payton Pritchard","SG","Boston Celtics",,,
"Jaylen Brown","SG","Boston Celtics",,,
"Jordan Walsh","SG","Boston Celtics",,,
"Jaden Springer","SG","Boston Celtics",,,
"Jrue Holiday","SG","Boston Celtics","Shoulder","Expected To Be Out Until At Least Dec 27","2024-12-25"
"Baylor Scheierman","SG","Boston Celtics",,,
"JD Davison","SG","Boston Celtics",,,
"Jarrett Allen","C","Cleveland Cavaliers",,,
"Evan Mobley","C","Cleveland Cavaliers",,,
"Tristan Thompson","C","Cleveland Cavaliers",,,
"Dean Wade","C","Cleveland Cavaliers","Knee","Probable","2024-12-24"
"Evan Mobley","PF","Cleveland Cavaliers",,,
"Georges Niang","PF","Cleveland Cavaliers",,,
"Dean Wade","PF","Cleveland Cavaliers","Knee","Probable","2024-12-24"
"Isaac Okoro","PF","Cleveland Cavaliers","Shoulder","Expected To Be Out Until At Least Jan 3","2024-12-19"
"Max Strus","PF","Cleveland Cavaliers",,,
"JT Thor","PF","Cleveland Cavaliers",,,
"Darius Garland","PG","Cleveland Cavaliers",,,
"Caris LeVert","PG","Cleveland Cavaliers",,,
"Ty Jerome","PG","Cleveland Cavaliers",,,
"Donovan Mitchell","PG","Cleveland Cavaliers",,,
"Craig Porter Jr.","PG","Cleveland Cavaliers",,,
"Emoni Bates","PG","Cleveland Cavaliers",,,
"Max Strus","SF","Cleveland Cavaliers",,,
"Isaac Okoro","SF","Cleveland Cavaliers","Shoulder","Expected To Be Out Until At Least Jan 3","2024-12-19"
"Dean Wade","SF","Cleveland Cavaliers","Knee","Probable","2024-12-24"
"Georges Niang","SF","Cleveland Cavaliers",,,
"Jaylon Tyson","SF","Cleveland Cavaliers",,,
"Caris LeVert","SF","Cleveland Cavaliers",,,
"Luke Travers","SF","Cleveland Cavaliers","Ankle","Probable","2024-12-24"
"JT Thor","SF","Cleveland Cavaliers",,,
"Emoni Bates","SF","Cleveland Cavaliers",,,
"Donovan Mitchell","SG","Cleveland Cavaliers",,,
"Sam Merrill","SG","Cleveland Cavaliers",,,
"Caris LeVert","SG","Cleveland Cavaliers",,,
"Max Strus","SG","Cleveland Cavaliers",,,
"Isaac Okoro","SG","Cleveland Cavaliers","Shoulder","Expected To Be Out Until At Least Jan 3","2024-12-19"
"Jaylon Tyson","SG","Cleveland Cavaliers",,,
"Ty Jerome","SG","Cleveland Cavaliers",,,
"Craig Porter Jr.","SG","Cleveland Cavaliers",,,
"Luke Travers","SG","Cleveland Cavaliers","Ankle","Probable","2024-12-24"
"Emoni Bates","SG","Cleveland Cavaliers",,,
"Karl-Anthony Towns","C","New York Knicks",,,
"Precious Achiuwa","C","New York Knicks",,,
"Jericho Sims","C","New York Knicks",,,
"Ariel Hukporti","C","New York Knicks",,,
"Mitchell Robinson","C","New York Knicks","Ankle","Expected To Be Out Until At Least Jan 25","2024-12-11"
"OG Anunoby","PF","New York Knicks",,,
"Josh Hart","PF","New York Knicks",,,
"Precious Achiuwa","PF","New York Knicks",,,
"Mikal Bridges","PF","New York Knicks",,,
"Jacob Toppin","PF","New York Knicks",,,
"Jericho Sims","PF","New York Knicks",,,
"Jalen Brunson","PG","New York Knicks",,,
"Cameron Payne","PG","New York Knicks",,,
"Miles McBride","PG","New York Knicks",,,
"Tyler Kolek","PG","New York Knicks",,,
"Josh Hart","SF","New York Knicks",,,
"Mikal Bridges","SF","New York Knicks",,,
"OG Anunoby","SF","New York Knicks",,,
"Landry Shamet","SF","New York Knicks",,,
"Pacome Dadiet","SF","New York Knicks",,,
"Jacob Toppin","SF","New York Knicks",,,
"Kevin McCullar Jr.","SF","New York Knicks","Knee","Expected To Be Out Until At Least Dec 27","2024-12-24"
"Matt Ryan","SF","New York Knicks",,,
"Mikal Bridges","SG","New York Knicks",,,
"Miles McBride","SG","New York Knicks",,,
"Landry Shamet","SG","New York Knicks",,,
"Cameron Payne","SG","New York Knicks",,,
"Pacome Dadiet","SG","New York Knicks",,,
"Josh Hart","SG","New York Knicks",,,
"Matt Ryan","SG","New York Knicks",,,
"Yves Missi","C","New Orleans Pelicans",,,
"Jeremiah Robinson-Earl","C","New Orleans Pelicans",,,
"Daniel Theis","C","New Orleans Pelicans",,,
"Trey Jemison","C","New Orleans Pelicans",,,
"Herbert Jones","C","New Orleans Pelicans",,,
"Karlo Matkovic","C","New Orleans Pelicans","Back","Expected To Be Out Until At Least Jan 1","2024-12-24"
"Trey Murphy III","C","New Orleans Pelicans","Ankle","Probable","2024-12-22"
"Zion Williamson","C","New Orleans Pelicans","Hamstring","Expected To Be Out Until At Least Jan 1","2024-12-24"
"Herbert Jones","PF","New Orleans Pelicans",,,
"Javonte Green","PF","New Orleans Pelicans",,,
"Trey Murphy III","PF","New Orleans Pelicans","Ankle","Probable","2024-12-22"
"Jeremiah Robinson-Earl","PF","New Orleans Pelicans",,,
"Karlo Matkovic","PF","New Orleans Pelicans","Back","Expected To Be Out Until At Least Jan 1","2024-12-24"
"Brandon Boston Jr.","PF","New Orleans Pelicans",,,
"Zion Williamson","PF","New Orleans Pelicans","Hamstring","Expected To Be Out Until At Least Jan 1","2024-12-24"
"Brandon Ingram","PF","New Orleans Pelicans","Ankle","Expected To Be Out Until At Least Jan 10","2024-12-24"
"Dejounte Murray","PG","New Orleans Pelicans",,,
"C.J. McCollum","PG","New Orleans Pelicans",,,
"Brandon Boston Jr.","PG","New Orleans Pelicans",,,
"Jordan Hawkins","PG","New Orleans Pelicans",,,
"Brandon Ingram","PG","New Orleans Pelicans","Ankle","Expected To Be Out Until At Least Jan 10","2024-12-24"
"Antonio Reeves","PG","New Orleans Pelicans",,,
"Jose Alvarado","PG","New Orleans Pelicans","Hamstring","Expected To Be Out Until At Least Jan 1","2024-12-24"
"Trey Murphy III","SF","New Orleans Pelicans","Ankle","Probable","2024-12-22"
"Brandon Boston Jr.","SF","New Orleans Pelicans",,,
"Javonte Green","SF","New Orleans Pelicans",,,
"Herbert Jones","SF","New Orleans Pelicans",,,
"Jamal Cain","SF","New Orleans Pelicans",,,
"Antonio Reeves","SF","New Orleans Pelicans",,,
"Jordan Hawkins","SF","New Orleans Pelicans",,,
"Brandon Ingram","SF","New Orleans Pelicans","Ankle","Expected To Be Out Until At Least Jan 10","2024-12-24"
"C.J. McCollum","SG","New Orleans Pelicans",,,
"Jordan Hawkins","SG","New Orleans Pelicans",,,
"Trey Murphy III","SG","New Orleans Pelicans","Ankle","Probable","2024-12-22"
"Brandon Boston Jr.","SG","New Orleans Pelicans",,,
"Dejounte Murray","SG","New Orleans Pelicans",,,
"Antonio Reeves","SG","New Orleans Pelicans",,,
"Herbert Jones","SG","New Orleans Pelicans",,,
"Jamal Cain","SG","New Orleans Pelicans",,,
"Brandon Ingram","SG","New Orleans Pelicans","Ankle","Expected To Be Out Until At Least Jan 10","2024-12-24"
"Deandre Ayton","C","Portland Trail Blazers",,,
"Donovan Clingan","C","Portland Trail Blazers",,,
"Robert Williams","C","Portland Trail Blazers","Ankle","Probable","2024-12-23"
"Jabari Walker","C","Portland Trail Blazers",,,
"Duop Reath","C","Portland Trail Blazers",,,
"Jerami Grant","C","Portland Trail Blazers",,,
"Jerami Grant","PF","Portland Trail Blazers",,,
"Robert Williams","PF","Portland Trail Blazers","Ankle","Probable","2024-12-23"
"Deni Avdija","PF","Portland Trail Blazers",,,
"Toumani Camara","PF","Portland Trail Blazers",,,
"Jabari Walker","PF","Portland Trail Blazers",,,
"Kris Murray","PF","Portland Trail Blazers",,,
"Justin Minaya","PF","Portland Trail Blazers",,,
"Duop Reath","PF","Portland Trail Blazers",,,
"Matisse Thybulle","PF","Portland Trail Blazers","Ankle","Expected To Be Out Until At Least Jan 2","2024-11-26"
"Anfernee Simons","PG","Portland Trail Blazers",,,
"Scoot Henderson","PG","Portland Trail Blazers",,,
"Dalano Banton","PG","Portland Trail Blazers",,,
"Shaedon Sharpe","PG","Portland Trail Blazers",,,
"Rayan Rupert","PG","Portland Trail Blazers",,,
"Toumani Camara","SF","Portland Trail Blazers",,,
"Deni Avdija","SF","Portland Trail Blazers",,,
"Kris Murray","SF","Portland Trail Blazers",,,
"Rayan Rupert","SF","Portland Trail Blazers",,,
"Shaedon Sharpe","SF","Portland Trail Blazers",,,
"Dalano Banton","SF","Portland Trail Blazers",,,
"Jerami Grant","SF","Portland Trail Blazers",,,
"Justin Minaya","SF","Portland Trail Blazers",,,
"Bryce McGowens","SF","Portland Trail Blazers",,,
"Taze Moore","SF","Portland Trail Blazers",,,
"Matisse Thybulle","SF","Portland Trail Blazers","Ankle","Expected To Be Out Until At Least Jan 2","2024-11-26"
"Shaedon Sharpe","SG","Portland Trail Blazers",,,
"Dalano Banton","SG","Portland Trail Blazers",,,
"Rayan Rupert","SG","Portland Trail Blazers",,,
"Toumani Camara","SG","Portland Trail Blazers",,,
"Anfernee Simons","SG","Portland Trail Blazers",,,
"Kris Murray","SG","Portland Trail Blazers",,,
"Taze Moore","SG","Portland Trail Blazers",,,
"Justin Minaya","SG","Portland Trail Blazers",,,
"Bryce McGowens","SG","Portland Trail Blazers",,,
"Matisse Thybulle","SG","Portland Trail Blazers","Ankle","Expected To Be Out Until At Least Jan 2","2024-11-26"
"Zach Edey","C","Memphis Grizzlies",,,
"Brandon Clarke","C","Memphis Grizzlies",,,
"Jay Huff","C","Memphis Grizzlies","Ankle","Probable","2024-12-24"
"Jaren Jackson Jr.","C","Memphis Grizzlies",,,
"Colin Castleton","C","Memphis Grizzlies",,,
"Santi Aldama","C","Memphis Grizzlies",,,
"GG Jackson II","C","Memphis Grizzlies",,,
"Jaren Jackson Jr.","PF","Memphis Grizzlies",,,
"Santi Aldama","PF","Memphis Grizzlies",,,
"Jake LaRavia","PF","Memphis Grizzlies",,,
"Brandon Clarke","PF","Memphis Grizzlies",,,
"GG Jackson II","PF","Memphis Grizzlies",,,
"Vince Williams Jr.","PF","Memphis Grizzlies","Ankle","Expected To Be Out Until At Least Jan 11","2024-12-20"
"Ja Morant","PG","Memphis Grizzlies",,,
"Marcus Smart","PG","Memphis Grizzlies","Finger","Probable","2024-12-24"
"Scotty Pippen Jr.","PG","Memphis Grizzlies",,,
"Luke Kennard","PG","Memphis Grizzlies",,,
"Yuki Kawamura","PG","Memphis Grizzlies",,,
"Desmond Bane","PG","Memphis Grizzlies",,,
"John Konchar","PG","Memphis Grizzlies",,,
"Jaylen Wells","SF","Memphis Grizzlies",,,
"Jake LaRavia","SF","Memphis Grizzlies",,,
"Luke Kennard","SF","Memphis Grizzlies",,,
"Desmond Bane","SF","Memphis Grizzlies",,,
"John Konchar","SF","Memphis Grizzlies",,,
"Santi Aldama","SF","Memphis Grizzlies",,,
"Marcus Smart","SF","Memphis Grizzlies","Finger","Probable","2024-12-24"
"Vince Williams Jr.","SF","Memphis Grizzlies","Ankle","Expected To Be Out Until At Least Jan 11","2024-12-20"
"GG Jackson II","SF","Memphis Grizzlies",,,
"Desmond Bane","SG","Memphis Grizzlies",,,
"Luke Kennard","SG","Memphis Grizzlies",,,
"Marcus Smart","SG","Memphis Grizzlies","Finger","Probable","2024-12-24"
"Jaylen Wells","SG","Memphis Grizzlies",,,
"Cam Spencer","SG","Memphis Grizzlies",,,
"John Konchar","SG","Memphis Grizzlies",,,
"Scotty Pippen Jr.","SG","Memphis Grizzlies",,,
"Vince Williams Jr.","SG","Memphis Grizzlies","Ankle","Expected To Be Out Until At Least Jan 11","2024-12-20"
"Anthony Davis","C","Los Angeles Lakers","Shoulder","Probable","2024-12-24"
"Jaxson Hayes","C","Los Angeles Lakers","Ankle","Expected To Be Out Until At Least Dec 28","2024-12-24"
"Christian Koloko","C","Los Angeles Lakers",,,
"Armel Traore","C","Los Angeles Lakers",,,
"LeBron James","C","Los Angeles Lakers","Foot","Probable","2024-12-24"
"Jarred Vanderbilt","C","Los Angeles Lakers","Foot","Expected To Be Out Until At Least Jan 9","2024-12-3"
"Christian Wood","C","Los Angeles Lakers","Knee","Expected To Be Out Until At Least Dec 28","2024-12-24"
"LeBron James","PF","Los Angeles Lakers","Foot","Probable","2024-12-24"
"Cam Reddish","PF","Los Angeles Lakers",,,
"Rui Hachimura","PF","Los Angeles Lakers",,,
"Armel Traore","PF","Los Angeles Lakers",,,
"Maxwell Lewis","PF","Los Angeles Lakers",,,
"Jaxson Hayes","PF","Los Angeles Lakers","Ankle","Expected To Be Out Until At Least Dec 28","2024-12-24"
"Jarred Vanderbilt","PF","Los Angeles Lakers","Foot","Expected To Be Out Until At Least Jan 9","2024-12-3"
"Christian Wood","PF","Los Angeles Lakers","Knee","Expected To Be Out Until At Least Dec 28","2024-12-24"
"Austin Reaves","PG","Los Angeles Lakers",,,
"D'Angelo Russell","PG","Los Angeles Lakers","Thumb","Probable","2024-12-24"
"Gabe Vincent","PG","Los Angeles Lakers",,,
"Quincy Olivari","PG","Los Angeles Lakers",,,
"Bronny James","PG","Los Angeles Lakers",,,
"Jalen Hood-Schifino","PG","Los Angeles Lakers","Hamstring","Expected To Be Out Until At Least Dec 28","2024-12-24"
"Rui Hachimura","SF","Los Angeles Lakers",,,
"Dalton Knecht","SF","Los Angeles Lakers",,,
"Cam Reddish","SF","Los Angeles Lakers",,,
"Max Christie","SF","Los Angeles Lakers",,,
"LeBron James","SF","Los Angeles Lakers","Foot","Probable","2024-12-24"
"Armel Traore","SF","Los Angeles Lakers",,,
"Austin Reaves","SF","Los Angeles Lakers",,,
"Maxwell Lewis","SF","Los Angeles Lakers",,,
"Max Christie","SG","Los Angeles Lakers",,,
"Gabe Vincent","SG","Los Angeles Lakers",,,
"Dalton Knecht","SG","Los Angeles Lakers",,,
"Austin Reaves","SG","Los Angeles Lakers",,,
"Cam Reddish","SG","Los Angeles Lakers",,,
"Bronny James","SG","Los Angeles Lakers",,,
"Jalen Hood-Schifino","SG","Los Angeles Lakers","Hamstring","Expected To Be Out Until At Least Dec 28","2024-12-24"
"Quincy Olivari","SG","Los Angeles Lakers",,,
"Isaiah Hartenstein","C","Oklahoma City Thunder",,,
"Jaylin Williams","C","Oklahoma City Thunder",,,
"Kenrich Williams","C","Oklahoma City Thunder",,,
"Ousmane Dieng","C","Oklahoma City Thunder",,,
"Branden Carlson","C","Oklahoma City Thunder","Concussion","Probable","2024-12-24"
"Jalen Williams","C","Oklahoma City Thunder",,,
"Dillon Jones","C","Oklahoma City Thunder",,,
"Chet Holmgren","C","Oklahoma City Thunder","Hip","Expected To Be Out Until At Least Feb 10","2024-12-19"
"Jalen Williams","PF","Oklahoma City Thunder",,,
"Aaron Wiggins","PF","Oklahoma City Thunder",,,
"Kenrich Williams","PF","Oklahoma City Thunder",,,
"Dillon Jones","PF","Oklahoma City Thunder",,,
"Ousmane Dieng","PF","Oklahoma City Thunder",,,
"Luguentz Dort","PF","Oklahoma City Thunder",,,
"Alex Caruso","PF","Oklahoma City Thunder","Unrevealed","Probable","2024-12-23"
"Chet Holmgren","PF","Oklahoma City Thunder","Hip","Expected To Be Out Until At Least Feb 10","2024-12-19"
"Shai Gilgeous-Alexander","PG","Oklahoma City Thunder",,,
"Ajay Mitchell","PG","Oklahoma City Thunder",,,
"Cason Wallace","PG","Oklahoma City Thunder",,,
"Alex Caruso","PG","Oklahoma City Thunder","Unrevealed","Probable","2024-12-23"
"Adam Flagler","PG","Oklahoma City Thunder","Finger","Expected To Be Out Until At Least Jan 8","2024-12-9"
"Nikola Topic","PG","Oklahoma City Thunder","Knee","Out For The Season","2024-11-7"
"Luguentz Dort","SF","Oklahoma City Thunder",,,
"Alex Caruso","SF","Oklahoma City Thunder","Unrevealed","Probable","2024-12-23"
"Aaron Wiggins","SF","Oklahoma City Thunder",,,
"Isaiah Joe","SF","Oklahoma City Thunder",,,
"Jalen Williams","SF","Oklahoma City Thunder",,,
"Cason Wallace","SF","Oklahoma City Thunder",,,
"Kenrich Williams","SF","Oklahoma City Thunder",,,
"Dillon Jones","SF","Oklahoma City Thunder",,,
"Alex Ducas","SF","Oklahoma City Thunder","Back","Expected To Be Out Until At Least Dec 28","2024-12-24"
"Ousmane Dieng","SF","Oklahoma City Thunder",,,
"Cason Wallace","SG","Oklahoma City Thunder",,,
"Isaiah Joe","SG","Oklahoma City Thunder",,,
"Luguentz Dort","SG","Oklahoma City Thunder",,,
"Alex Caruso","SG","Oklahoma City Thunder","Unrevealed","Probable","2024-12-23"
"Ajay Mitchell","SG","Oklahoma City Thunder",,,
"Aaron Wiggins","SG","Oklahoma City Thunder",,,
"Jalen Williams","SG","Oklahoma City Thunder",,,
"Shai Gilgeous-Alexander","SG","Oklahoma City Thunder",,,
"Alex Ducas","SG","Oklahoma City Thunder","Back","Expected To Be Out Until At Least Dec 28","2024-12-24"
"Adam Flagler","SG","Oklahoma City Thunder","Finger","Expected To Be Out Until At Least Jan 8","2024-12-9"
"Nikola Topic","SG","Oklahoma City Thunder","Knee","Out For The Season","2024-11-7"
"Dereck Lively II","C","Dallas Mavericks",,,
"Daniel Gafford","C","Dallas Mavericks",,,
"Maxi Kleber","C","Dallas Mavericks",,,
"Dwight Powell","C","Dallas Mavericks",,,
"Markieff Morris","C","Dallas Mavericks",,,
"PJ Washington","C","Dallas Mavericks",,,
"PJ Washington","PF","Dallas Mavericks",,,
"Maxi Kleber","PF","Dallas Mavericks",,,
"Naji Marshall","PF","Dallas Mavericks",,,
"Klay Thompson","PF","Dallas Mavericks",,,
"Olivier-Maxence Prosper","PF","Dallas Mavericks",,,
"Markieff Morris","PF","Dallas Mavericks",,,
"Kessler Edwards","PF","Dallas Mavericks",,,
"Luka Doncic","PG","Dallas Mavericks","Heel","Expected To Be Out Until At Least Dec 27","2024-12-25"
"Spencer Dinwiddie","PG","Dallas Mavericks",,,
"Jaden Hardy","PG","Dallas Mavericks",,,
"Kyrie Irving","PG","Dallas Mavericks",,,
"Jazian Gortman","PG","Dallas Mavericks",,,
"Brandon Williams","PG","Dallas Mavericks","Thumb","Expected To Be Out Until At Least Dec 27","2024-12-24"
"Dante Exum","PG","Dallas Mavericks","Wrist","Expected To Be Out Until At Least Jan 20","2024-10-9"
"Klay Thompson","SF","Dallas Mavericks",,,
"Naji Marshall","SF","Dallas Mavericks",,,
"Quentin Grimes","SF","Dallas Mavericks",,,
"Jaden Hardy","SF","Dallas Mavericks",,,
"Olivier-Maxence Prosper","SF","Dallas Mavericks",,,
"Kessler Edwards","SF","Dallas Mavericks",,,
"Dante Exum","SF","Dallas Mavericks","Wrist","Expected To Be Out Until At Least Jan 20","2024-10-9"
"Kyrie Irving","SG","Dallas Mavericks",,,
"Quentin Grimes","SG","Dallas Mavericks",,,
"Jaden Hardy","SG","Dallas Mavericks",,,
"Klay Thompson","SG","Dallas Mavericks",,,
"Spencer Dinwiddie","SG","Dallas Mavericks",,,
"Naji Marshall","SG","Dallas Mavericks",,,
"Kessler Edwards","SG","Dallas Mavericks",,,
"Brandon Williams","SG","Dallas Mavericks","Thumb","Expected To Be Out Until At Least Dec 27","2024-12-24"
"Dante Exum","SG","Dallas Mavericks","Wrist","Expected To Be Out Until At Least Jan 20","2024-10-9"
"Alperen Sengun","C","Houston Rockets",,,
"Steven Adams","C","Houston Rockets",,,
"Jock Landale","C","Houston Rockets",,,
"Jabari Smith","C","Houston Rockets",,,
"Jeff Green","C","Houston Rockets",,,
"N'Faly Dante","C","Houston Rockets",,,
"Jabari Smith","PF","Houston Rockets",,,
"Tari Eason","PF","Houston Rockets","Lower Leg","Probable","2024-12-24"
"Jae'Sean Tate","PF","Houston Rockets",,,
"Cam Whitmore","PF","Houston Rockets",,,
"Jeff Green","PF","Houston Rockets",,,
"Dillon Brooks","PF","Houston Rockets","Ankle","Probable","2024-12-24"
"Fred VanVleet","PG","Houston Rockets",,,
"Reed Sheppard","PG","Houston Rockets",,,
"Aaron Holiday","PG","Houston Rockets",,,
"Amen Thompson","PG","Houston Rockets",,,
"Jalen Green","PG","Houston Rockets",,,
"Jeenathan Williams","PG","Houston Rockets",,,
"Dillon Brooks","SF","Houston Rockets","Ankle","Probable","2024-12-24"
"Amen Thompson","SF","Houston Rockets",,,
"Cam Whitmore","SF","Houston Rockets",,,
"Tari Eason","SF","Houston Rockets","Lower Leg","Probable","2024-12-24"
"Jae'Sean Tate","SF","Houston Rockets",,,
"Jeenathan Williams","SF","Houston Rockets",,,
"Jeff Green","SF","Houston Rockets",,,
"Jalen Green","SF","Houston Rockets",,,
"Jack McVeigh","SF","Houston Rockets",,,
"Jalen Green","SG","Houston Rockets",,,
"Amen Thompson","SG","Houston Rockets",,,
"Reed Sheppard","SG","Houston Rockets",,,
"Dillon Brooks","SG","Houston Rockets","Ankle","Probable","2024-12-24"
"Cam Whitmore","SG","Houston Rockets",,,
"Aaron Holiday","SG","Houston Rockets",,,
"Jeenathan Williams","SG","Houston Rockets",,,
"Jack McVeigh","SG","Houston Rockets",,,
"Nikola Jokic","C","Denver Nuggets",,,
"DeAndre Jordan","C","Denver Nuggets",,,
"Zeke Nnaji","C","Denver Nuggets",,,
"Dario Saric","C","Denver Nuggets",,,
"PJ Hall","C","Denver Nuggets",,,
"Vlatko Cancar","C","Denver Nuggets","Knee","Expected To Be Out Until At Least Feb 20","2024-12-7"
"DaRon Holmes II","C","Denver Nuggets","Achilles","Out For The Season","2024-7-13"
"Aaron Gordon","PF","Denver Nuggets",,,
"Peyton Watson","PF","Denver Nuggets",,,
"Hunter Tyson","PF","Denver Nuggets",,,
"Michael Porter Jr.","PF","Denver Nuggets",,,
"Julian Strawther","PF","Denver Nuggets",,,
"Dario Saric","PF","Denver Nuggets",,,
"Zeke Nnaji","PF","Denver Nuggets",,,
"PJ Hall","PF","Denver Nuggets",,,
"Vlatko Cancar","PF","Denver Nuggets","Knee","Expected To Be Out Until At Least Feb 20","2024-12-7"
"Jamal Murray","PG","Denver Nuggets","Ankle","Probable","2024-12-24"
"Russell Westbrook","PG","Denver Nuggets",,,
"Jalen Pickett","PG","Denver Nuggets",,,
"Trey Alexander","PG","Denver Nuggets",,,
"Christian Braun","PG","Denver Nuggets",,,
"Michael Porter Jr.","SF","Denver Nuggets",,,
"Hunter Tyson","SF","Denver Nuggets",,,
"Julian Strawther","SF","Denver Nuggets",,,
"Christian Braun","SF","Denver Nuggets",,,
"Aaron Gordon","SF","Denver Nuggets",,,
"Peyton Watson","SF","Denver Nuggets",,,
"Spencer Jones","SF","Denver Nuggets",,,
"Christian Braun","SG","Denver Nuggets",,,
"Julian Strawther","SG","Denver Nuggets",,,
"Jamal Murray","SG","Denver Nuggets","Ankle","Probable","2024-12-24"
"Jalen Pickett","SG","Denver Nuggets",,,
"Trey Alexander","SG","Denver Nuggets",,,
"Spencer Jones","SG","Denver Nuggets",,,
"Joel Embiid","C","Philadelphia 76ers",,,
"Andre Drummond","C","Philadelphia 76ers","Toe","Expected To Be Out Until At Least Dec 28","2024-12-25"
"Guerschon Yabusele","C","Philadelphia 76ers",,,
"Adem Bona","C","Philadelphia 76ers",,,
"Pete Nance","C","Philadelphia 76ers",,,
"KJ Martin Jr.","PF","Philadelphia 76ers",,,
"Guerschon Yabusele","PF","Philadelphia 76ers",,,
"Caleb Martin","PF","Philadelphia 76ers",,,
"Ricky Council IV","PF","Philadelphia 76ers",,,
"Paul George","PF","Philadelphia 76ers",,,
"Pete Nance","PF","Philadelphia 76ers",,,
"Kelly Oubre Jr.","PF","Philadelphia 76ers",,,
"Tyrese Maxey","PG","Philadelphia 76ers",,,
"Kyle Lowry","PG","Philadelphia 76ers",,,
"Reggie Jackson","PG","Philadelphia 76ers",,,
"Jeff Dowtin","PG","Philadelphia 76ers",,,
"Jared McCain","PG","Philadelphia 76ers","Knee","Expected To Be Out Until At Least Mar 1","2024-12-20"
"Paul George","SF","Philadelphia 76ers",,,
"Caleb Martin","SF","Philadelphia 76ers",,,
"Ricky Council IV","SF","Philadelphia 76ers",,,
"Eric Gordon","SF","Philadelphia 76ers","Mouth","Expected To Be Out Until At Least Dec 28","2024-12-25"
"KJ Martin Jr.","SF","Philadelphia 76ers",,,
"Kelly Oubre Jr.","SF","Philadelphia 76ers",,,
"Justin Edwards","SF","Philadelphia 76ers",,,
"Kelly Oubre Jr.","SG","Philadelphia 76ers",,,
"Ricky Council IV","SG","Philadelphia 76ers",,,
"Eric Gordon","SG","Philadelphia 76ers","Mouth","Expected To Be Out Until At Least Dec 28","2024-12-25"
"Kyle Lowry","SG","Philadelphia 76ers",,,
"Paul George","SG","Philadelphia 76ers",,,
"Jeff Dowtin","SG","Philadelphia 76ers",,,
"Caleb Martin","SG","Philadelphia 76ers",,,
"Reggie Jackson","SG","Philadelphia 76ers",,,
"Jared McCain","SG","Philadelphia 76ers","Knee","Expected To Be Out Until At Least Mar 1","2024-12-20"
"Nicolas Claxton","C","Brooklyn Nets",,,
"Day'Ron Sharpe","C","Brooklyn Nets",,,
"Ben Simmons","C","Brooklyn Nets","Back","Probable","2024-12-25"
"Noah Clowney","C","Brooklyn Nets",,,
"Trendon Watford","C","Brooklyn Nets","Hamstring","Expected To Be Out Until At Least Dec 29","2024-12-24"
"Dorian Finney-Smith","C","Brooklyn Nets","Calf","Probable","2024-12-24"
"Dorian Finney-Smith","PF","Brooklyn Nets","Calf","Probable","2024-12-24"
"Noah Clowney","PF","Brooklyn Nets",,,
"Trendon Watford","PF","Brooklyn Nets","Hamstring","Expected To Be Out Until At Least Dec 29","2024-12-24"
"Cameron Johnson","PF","Brooklyn Nets",,,
"Jalen Wilson","PF","Brooklyn Nets",,,
"Ziaire Williams","PF","Brooklyn Nets","Knee","Expected To Be Out Until At Least Dec 27","2024-12-25"
"Ben Simmons","PF","Brooklyn Nets","Back","Probable","2024-12-25"
"Dariq Whitehead","PF","Brooklyn Nets",,,
"Bojan Bogdanovic","PF","Brooklyn Nets","Foot","Expected To Be Out Until At Least Dec 29","2024-12-12"
"Ben Simmons","PG","Brooklyn Nets","Back","Probable","2024-12-25"
"Shake Milton","PG","Brooklyn Nets",,,
"Reece Beekman","PG","Brooklyn Nets",,,
"Keon Johnson","PG","Brooklyn Nets",,,
"Cameron Thomas","PG","Brooklyn Nets","Hamstring","Expected To Be Out Until At Least Dec 27","2024-12-25"
"De'Anthony Melton","PG","Brooklyn Nets","Knee","Out For The Season","2024-11-20"
"Cameron Johnson","SF","Brooklyn Nets",,,
"Jalen Wilson","SF","Brooklyn Nets",,,
"Ziaire Williams","SF","Brooklyn Nets","Knee","Expected To Be Out Until At Least Dec 27","2024-12-25"
"Cameron Thomas","SF","Brooklyn Nets","Hamstring","Expected To Be Out Until At Least Dec 27","2024-12-25"
"Tyrese Martin","SF","Brooklyn Nets",,,
"Dorian Finney-Smith","SF","Brooklyn Nets","Calf","Probable","2024-12-24"
"Dariq Whitehead","SF","Brooklyn Nets",,,
"Jaylen Martin","SF","Brooklyn Nets",,,
"Bojan Bogdanovic","SF","Brooklyn Nets","Foot","Expected To Be Out Until At Least Dec 29","2024-12-12"
"De'Anthony Melton","SF","Brooklyn Nets","Knee","Out For The Season","2024-11-20"
"Cameron Thomas","SG","Brooklyn Nets","Hamstring","Expected To Be Out Until At Least Dec 27","2024-12-25"
"Ziaire Williams","SG","Brooklyn Nets","Knee","Expected To Be Out Until At Least Dec 27","2024-12-25"
"Keon Johnson","SG","Brooklyn Nets",,,
"Shake Milton","SG","Brooklyn Nets",,,
"Tyrese Martin","SG","Brooklyn Nets",,,
"Jalen Wilson","SG","Brooklyn Nets",,,
"Dariq Whitehead","SG","Brooklyn Nets",,,
"Bojan Bogdanovic","SG","Brooklyn Nets","Foot","Expected To Be Out Until At Least Dec 29","2024-12-12"
"De'Anthony Melton","SG","Brooklyn Nets","Knee","Out For The Season","2024-11-20"
"Domantas Sabonis","C","Sacramento Kings",,,
"Isaac Jones","C","Sacramento Kings",,,
"Trey Lyles","C","Sacramento Kings",,,
"Alex Len","C","Sacramento Kings",,,
"Orlando Robinson","C","Sacramento Kings",,,
"Keegan Murray","PF","Sacramento Kings",,,
"Trey Lyles","PF","Sacramento Kings",,,
"DeMar DeRozan","PF","Sacramento Kings",,,
"Isaac Jones","PF","Sacramento Kings",,,
"Jae Crowder","PF","Sacramento Kings",,,
"Doug McDermott","PF","Sacramento Kings",,,
"Isaiah Crawford","PF","Sacramento Kings",,,
"De'Aaron Fox","PG","Sacramento Kings",,,
"Malik Monk","PG","Sacramento Kings",,,
"Jordan McLaughlin","PG","Sacramento Kings",,,
"Keon Ellis","PG","Sacramento Kings",,,
"Devin Carter","PG","Sacramento Kings","Shoulder","Expected To Be Out Until At Least Jan 10","2024-10-3"
"DeMar DeRozan","SF","Sacramento Kings",,,
"Kevin Huerter","SF","Sacramento Kings",,,
"Colby Jones","SF","Sacramento Kings",,,
"Keegan Murray","SF","Sacramento Kings",,,
"Keon Ellis","SF","Sacramento Kings",,,
"Malik Monk","SF","Sacramento Kings",,,
"Jae Crowder","SF","Sacramento Kings",,,
"Doug McDermott","SF","Sacramento Kings",,,
"Mason Jones","SF","Sacramento Kings",,,
"Isaiah Crawford","SF","Sacramento Kings",,,
"Malik Monk","SG","Sacramento Kings",,,
"Keon Ellis","SG","Sacramento Kings",,,
"Kevin Huerter","SG","Sacramento Kings",,,
"Colby Jones","SG","Sacramento Kings",,,
"Jordan McLaughlin","SG","Sacramento Kings",,,
"Doug McDermott","SG","Sacramento Kings",,,
"Mason Jones","SG","Sacramento Kings",,,
"Devin Carter","SG","Sacramento Kings","Shoulder","Expected To Be Out Until At Least Jan 10","2024-10-3"
"Bam Adebayo","C","Miami Heat",,,
"Kevin Love","C","Miami Heat",,,
"Nikola Jovic","C","Miami Heat",,,
"Kel'el Ware","C","Miami Heat",,,
"Nikola Jovic","PF","Miami Heat",,,
"Jaime Jaquez Jr.","PF","Miami Heat",,,
"Haywood Highsmith","PF","Miami Heat",,,
"Jimmy Butler","PF","Miami Heat","Illness","Probable","2024-12-24"
"Kevin Love","PF","Miami Heat",,,
"Duncan Robinson","PF","Miami Heat",,,
"Keshad Johnson","PF","Miami Heat",,,
"Tyler Herro","PG","Miami Heat",,,
"Dru Smith","PG","Miami Heat","Achilles","Out For The Season","2024-12-24"
"Terry Rozier","PG","Miami Heat","Knee","Probable","2024-12-24"
"Josh Richardson","PG","Miami Heat","Heel","Expected To Be Out Until At Least Dec 28","2024-12-25"
"Alec Burks","PG","Miami Heat",,,
"Josh Christopher","PG","Miami Heat",,,
"Duncan Robinson","PG","Miami Heat",,,
"Jimmy Butler","SF","Miami Heat","Illness","Probable","2024-12-24"
"Pelle Larsson","SF","Miami Heat",,,
"Jaime Jaquez Jr.","SF","Miami Heat",,,
"Haywood Highsmith","SF","Miami Heat",,,
"Duncan Robinson","SF","Miami Heat",,,
"Josh Richardson","SF","Miami Heat","Heel","Expected To Be Out Until At Least Dec 28","2024-12-25"
"Keshad Johnson","SF","Miami Heat",,,
"Josh Christopher","SF","Miami Heat",,,
"Duncan Robinson","SG","Miami Heat",,,
"Terry Rozier","SG","Miami Heat","Knee","Probable","2024-12-24"
"Tyler Herro","SG","Miami Heat",,,
"Alec Burks","SG","Miami Heat",,,
"Dru Smith","SG","Miami Heat","Achilles","Out For The Season","2024-12-24"
"Josh Richardson","SG","Miami Heat","Heel","Expected To Be Out Until At Least Dec 28","2024-12-25"
"Pelle Larsson","SG","Miami Heat",,,
"Jaime Jaquez Jr.","SG","Miami Heat",,,
"Josh Christopher","SG","Miami Heat",,,
"Trayce Jackson-Davis","C","Golden State Warriors",,,
"Kevon Looney","C","Golden State Warriors",,,
"Draymond Green","C","Golden State Warriors",,,
"Quinten Post","C","Golden State Warriors",,,
"Draymond Green","PF","Golden State Warriors",,,
"Jonathan Kuminga","PF","Golden State Warriors",,,
"Kyle Anderson","PF","Golden State Warriors","Illness","Probable","2024-12-25"
"Andrew Wiggins","PF","Golden State Warriors",,,
"Lindy Waters III","PF","Golden State Warriors",,,
"Moses Moody","PF","Golden State Warriors",,,
"Stephen Curry","PG","Golden State Warriors",,,
"Brandin Podziemski","PG","Golden State Warriors",,,
"Dennis Schroder","PG","Golden State Warriors",,,
"Moses Moody","PG","Golden State Warriors",,,
"Pat Spencer","PG","Golden State Warriors",,,
"Andrew Wiggins","SF","Golden State Warriors",,,
"Kyle Anderson","SF","Golden State Warriors","Illness","Probable","2024-12-25"
"Gary Payton II","SF","Golden State Warriors","Calf","Probable","2024-12-24"
"Lindy Waters III","SF","Golden State Warriors",,,
"Moses Moody","SF","Golden State Warriors",,,
"Buddy Hield","SF","Golden State Warriors",,,
"Jonathan Kuminga","SF","Golden State Warriors",,,
"Gui Santos","SF","Golden State Warriors",,,
"Dennis Schroder","SG","Golden State Warriors",,,
"Buddy Hield","SG","Golden State Warriors",,,
"Moses Moody","SG","Golden State Warriors",,,
"Brandin Podziemski","SG","Golden State Warriors",,,
"Lindy Waters III","SG","Golden State Warriors",,,
"Gary Payton II","SG","Golden State Warriors","Calf","Probable","2024-12-24"
"Andrew Wiggins","SG","Golden State Warriors",,,
"Gui Santos","SG","Golden State Warriors",,,
"Pat Spencer","SG","Golden State Warriors",,,
"Nikola Vucevic","C","Chicago Bulls",,,
"Jalen Smith","C","Chicago Bulls",,,
"Adama Sanogo","C","Chicago Bulls",,,
"E.J. Liddell","C","Chicago Bulls",,,
"Patrick Williams","PF","Chicago Bulls",,,
"Matas Buzelis","PF","Chicago Bulls",,,
"Julian Phillips","PF","Chicago Bulls",,,
"Zach LaVine","PF","Chicago Bulls",,,
"Torrey Craig","PF","Chicago Bulls",,,
"Dalen Terry","PF","Chicago Bulls",,,
"Talen Horton-Tucker","PF","Chicago Bulls",,,
"Jalen Smith","PF","Chicago Bulls",,,
"E.J. Liddell","PF","Chicago Bulls",,,
"Josh Giddey","PG","Chicago Bulls","Ankle","Probable","2024-12-24"
"Lonzo Ball","PG","Chicago Bulls","Illness","Probable","2024-12-24"
"Ayo Dosunmu","PG","Chicago Bulls",,,
"Coby White","PG","Chicago Bulls",,,
"Talen Horton-Tucker","PG","Chicago Bulls",,,
"Jevon Carter","PG","Chicago Bulls",,,
"DJ Steward","PG","Chicago Bulls",,,
"Zach LaVine","SF","Chicago Bulls",,,
"Dalen Terry","SF","Chicago Bulls",,,
"Talen Horton-Tucker","SF","Chicago Bulls",,,
"Matas Buzelis","SF","Chicago Bulls",,,
"Ayo Dosunmu","SF","Chicago Bulls",,,
"Julian Phillips","SF","Chicago Bulls",,,
"Patrick Williams","SF","Chicago Bulls",,,
"Chris Duarte","SF","Chicago Bulls",,,
"Josh Giddey","SF","Chicago Bulls","Ankle","Probable","2024-12-24"
"Torrey Craig","SF","Chicago Bulls",,,
"Coby White","SG","Chicago Bulls",,,
"Ayo Dosunmu","SG","Chicago Bulls",,,
"Zach LaVine","SG","Chicago Bulls",,,
"Lonzo Ball","SG","Chicago Bulls","Illness","Probable","2024-12-24"
"Dalen Terry","SG","Chicago Bulls",,,
"Talen Horton-Tucker","SG","Chicago Bulls",,,
"Jevon Carter","SG","Chicago Bulls",,,
"Chris Duarte","SG","Chicago Bulls",,,
"Ivica Zubac","C","Los Angeles Clippers",,,
"Mohamed Bamba","C","Los Angeles Clippers",,,
"Nicolas Batum","C","Los Angeles Clippers",,,
"Kai Jones","C","Los Angeles Clippers",,,
"Kobe Brown","C","Los Angeles Clippers","Back","Probable","2024-12-24"
"Kawhi Leonard","C","Los Angeles Clippers","Knee","Probable","2024-12-24"
"P.J. Tucker","C","Los Angeles Clippers","Not Injury Related","Expected To Be Out Until At Least Feb 20","2024-12-24"
"Derrick Jones Jr.","PF","Los Angeles Clippers",,,
"Nicolas Batum","PF","Los Angeles Clippers",,,
"Amir Coffey","PF","Los Angeles Clippers",,,
"Kobe Brown","PF","Los Angeles Clippers","Back","Probable","2024-12-24"
"Kai Jones","PF","Los Angeles Clippers",,,
"Kawhi Leonard","PF","Los Angeles Clippers","Knee","Probable","2024-12-24"
"P.J. Tucker","PF","Los Angeles Clippers","Not Injury Related","Expected To Be Out Until At Least Feb 20","2024-12-24"
"James Harden","PG","Los Angeles Clippers",,,
"Kevin Porter Jr.","PG","Los Angeles Clippers",,,
"Bones Hyland","PG","Los Angeles Clippers",,,
"Kris Dunn","PG","Los Angeles Clippers",,,
"Terance Mann","PG","Los Angeles Clippers","Finger","Probable","2024-12-24"
"Norman Powell","PG","Los Angeles Clippers",,,
"Norman Powell","SF","Los Angeles Clippers",,,
"Amir Coffey","SF","Los Angeles Clippers",,,
"Jordan Miller","SF","Los Angeles Clippers",,,
"Terance Mann","SF","Los Angeles Clippers","Finger","Probable","2024-12-24"
"Derrick Jones Jr.","SF","Los Angeles Clippers",,,
"Kris Dunn","SF","Los Angeles Clippers",,,
"Nicolas Batum","SF","Los Angeles Clippers",,,
"Kobe Brown","SF","Los Angeles Clippers","Back","Probable","2024-12-24"
"Cam Christie","SF","Los Angeles Clippers",,,
"Trentyn Flowers","SF","Los Angeles Clippers",,,
"Kawhi Leonard","SF","Los Angeles Clippers","Knee","Probable","2024-12-24"
"Kris Dunn","SG","Los Angeles Clippers",,,
"Terance Mann","SG","Los Angeles Clippers","Finger","Probable","2024-12-24"
"Norman Powell","SG","Los Angeles Clippers",,,
"Jordan Miller","SG","Los Angeles Clippers",,,
"Amir Coffey","SG","Los Angeles Clippers",,,
"Kevin Porter Jr.","SG","Los Angeles Clippers",,,
"Bones Hyland","SG","Los Angeles Clippers",,,
"Cam Christie","SG","Los Angeles Clippers",,,
"James Harden","SG","Los Angeles Clippers",,,
"Trentyn Flowers","SG","Los Angeles Clippers",,,
"Jusuf Nurkic","C","Phoenix Suns",,,
"Mason Plumlee","C","Phoenix Suns",,,
"Oso Ighodaro","C","Phoenix Suns",,,
"Kevin Durant","C","Phoenix Suns",,,
"Bol Bol","C","Phoenix Suns","Knee","Expected To Be Out Until At Least Dec 27","2024-12-24"
"Kevin Durant","PF","Phoenix Suns",,,
"Ryan Dunn","PF","Phoenix Suns",,,
"Oso Ighodaro","PF","Phoenix Suns",,,
"Royce O'Neale","PF","Phoenix Suns",,,
"Bol Bol","PF","Phoenix Suns","Knee","Expected To Be Out Until At Least Dec 27","2024-12-24"
"Josh Okogie","PF","Phoenix Suns",,,
"Mason Plumlee","PF","Phoenix Suns",,,
"Tyus Jones","PG","Phoenix Suns",,,
"Devin Booker","PG","Phoenix Suns","Groin","Expected To Be Out Until At Least Dec 27","2024-12-24"
"Monte Morris","PG","Phoenix Suns",,,
"TyTy Washington Jr.","PG","Phoenix Suns",,,
"Bradley Beal","PG","Phoenix Suns",,,
"Grayson Allen","PG","Phoenix Suns","Concussion","Expected To Be Out Until At Least Dec 27","2024-12-24"
"Collin Gillespie","PG","Phoenix Suns","Ankle","Expected To Be Out Until At Least Dec 27","2024-12-24"
"Bradley Beal","SF","Phoenix Suns",,,
"Royce O'Neale","SF","Phoenix Suns",,,
"Josh Okogie","SF","Phoenix Suns",,,
"Ryan Dunn","SF","Phoenix Suns",,,
"Grayson Allen","SF","Phoenix Suns","Concussion","Expected To Be Out Until At Least Dec 27","2024-12-24"
"Kevin Durant","SF","Phoenix Suns",,,
"Damion Lee","SF","Phoenix Suns",,,
"Jalen Bridges","SF","Phoenix Suns",,,
"Devin Booker","SG","Phoenix Suns","Groin","Expected To Be Out Until At Least Dec 27","2024-12-24"
"Grayson Allen","SG","Phoenix Suns","Concussion","Expected To Be Out Until At Least Dec 27","2024-12-24"
"Bradley Beal","SG","Phoenix Suns",,,
"Ryan Dunn","SG","Phoenix Suns",,,
"Damion Lee","SG","Phoenix Suns",,,
"Josh Okogie","SG","Phoenix Suns",,,
"Royce O'Neale","SG","Phoenix Suns",,,
"Brook Lopez","C","Milwaukee Bucks",,,
"Bobby Portis","C","Milwaukee Bucks",,,
"Giannis Antetokounmpo","C","Milwaukee Bucks","Back","Probable","2024-12-23"
"Liam Robbins","C","Milwaukee Bucks",,,
"Giannis Antetokounmpo","PF","Milwaukee Bucks","Back","Probable","2024-12-23"
"Bobby Portis","PF","Milwaukee Bucks",,,
"Taurean Prince","PF","Milwaukee Bucks",,,
"Pat Connaughton","PF","Milwaukee Bucks",,,
"Tyler Smith","PF","Milwaukee Bucks",,,
"Khris Middleton","PF","Milwaukee Bucks",,,
"Chris Livingston","PF","Milwaukee Bucks","Illness","Probable","2024-12-24"
"Marjon Beauchamp","PF","Milwaukee Bucks",,,
"Damian Lillard","PG","Milwaukee Bucks","Illness","Probable","2024-12-24"
"AJ Green","PG","Milwaukee Bucks",,,
"Delon Wright","PG","Milwaukee Bucks",,,
"Ryan Rollins","PG","Milwaukee Bucks",,,
"Andre Jackson Jr.","PG","Milwaukee Bucks",,,
"Marjon Beauchamp","PG","Milwaukee Bucks",,,
"Taurean Prince","SF","Milwaukee Bucks",,,
"Andre Jackson Jr.","SF","Milwaukee Bucks",,,
"Khris Middleton","SF","Milwaukee Bucks",,,
"Gary Trent Jr.","SF","Milwaukee Bucks",,,
"Pat Connaughton","SF","Milwaukee Bucks",,,
"Marjon Beauchamp","SF","Milwaukee Bucks",,,
"Chris Livingston","SF","Milwaukee Bucks","Illness","Probable","2024-12-24"
"Tyler Smith","SF","Milwaukee Bucks",,,
"Giannis Antetokounmpo","SF","Milwaukee Bucks","Back","Probable","2024-12-23"
"Stanley Umude","SF","Milwaukee Bucks",,,
"Khris Middleton","SG","Milwaukee Bucks",,,
"Gary Trent Jr.","SG","Milwaukee Bucks",,,
"AJ Green","SG","Milwaukee Bucks",,,
"Andre Jackson Jr.","SG","Milwaukee Bucks",,,
"Delon Wright","SG","Milwaukee Bucks",,,
"Pat Connaughton","SG","Milwaukee Bucks",,,
"Marjon Beauchamp","SG","Milwaukee Bucks",,,
"Stanley Umude","SG","Milwaukee Bucks",,,
"AJ Johnson","SG","Milwaukee Bucks","Illness","Probable","2024-12-24"
"Ryan Rollins","SG","Milwaukee Bucks",,,
"Jalen Duren","C","Detroit Pistons",,,
"Isaiah Stewart","C","Detroit Pistons","Knee","Probable","2024-12-24"
"Paul Reed","C","Detroit Pistons",,,
"Cole Swider","C","Detroit Pistons",,,
"Tobias Harris","PF","Detroit Pistons",,,
"Simone Fontecchio","PF","Detroit Pistons",,,
"Ausar Thompson","PF","Detroit Pistons",,,
"Ron Holland II","PF","Detroit Pistons",,,
"Bobi Klintman","PF","Detroit Pistons",,,
"Isaiah Stewart","PF","Detroit Pistons","Knee","Probable","2024-12-24"
"Cole Swider","PF","Detroit Pistons",,,
"Tim Hardaway Jr.","PF","Detroit Pistons",,,
"Cade Cunningham","PG","Detroit Pistons",,,
"Jaden Ivey","PG","Detroit Pistons",,,
"Marcus Sasser","PG","Detroit Pistons",,,
"Wendell Moore Jr.","PG","Detroit Pistons",,,
"Daniss Jenkins","PG","Detroit Pistons",,,
"Alondes Williams","PG","Detroit Pistons",,,
"Tim Hardaway Jr.","SF","Detroit Pistons",,,
"Ausar Thompson","SF","Detroit Pistons",,,
"Ron Holland II","SF","Detroit Pistons",,,
"Malik Beasley","SF","Detroit Pistons",,,
"Wendell Moore Jr.","SF","Detroit Pistons",,,
"Simone Fontecchio","SF","Detroit Pistons",,,
"Tobias Harris","SF","Detroit Pistons",,,
"Bobi Klintman","SF","Detroit Pistons",,,
"Cade Cunningham","SF","Detroit Pistons",,,
"Jaden Ivey","SG","Detroit Pistons",,,
"Malik Beasley","SG","Detroit Pistons",,,
"Tim Hardaway Jr.","SG","Detroit Pistons",,,
"Wendell Moore Jr.","SG","Detroit Pistons",,,
"Marcus Sasser","SG","Detroit Pistons",,,
"Cade Cunningham","SG","Detroit Pistons",,,
"Alondes Williams","SG","Detroit Pistons",,,
"Daniss Jenkins","SG","Detroit Pistons",,,
"Mark Williams","C","Charlotte Hornets",,,
"Nick Richards","C","Charlotte Hornets",,,
"Moussa Diabate","C","Charlotte Hornets",,,
"Taj Gibson","C","Charlotte Hornets",,,
"Grant Williams","C","Charlotte Hornets","Knee","Out For The Season","2024-11-24"
"Miles Bridges","PF","Charlotte Hornets",,,
"Tidjane Salauen","PF","Charlotte Hornets",,,
"Josh Green","PF","Charlotte Hornets",,,
"Brandon Miller","PF","Charlotte Hornets","Ankle","Probable","2024-12-24"
"DaQuan Jeffries","PF","Charlotte Hornets",,,
"Moussa Diabate","PF","Charlotte Hornets",,,
"Grant Williams","PF","Charlotte Hornets","Knee","Out For The Season","2024-11-24"
"LaMelo Ball","PG","Charlotte Hornets",,,
"Vasilije Micic","PG","Charlotte Hornets",,,
"Isaiah Wong","PG","Charlotte Hornets",,,
"KJ Simpson","PG","Charlotte Hornets",,,
"Cody Martin","PG","Charlotte Hornets",,,
"Nick Smith Jr.","PG","Charlotte Hornets",,,
"Tre Mann","PG","Charlotte Hornets","Back","Expected To Be Out Until At Least Jan 3","2024-12-16"
"Josh Green","SF","Charlotte Hornets",,,
"Cody Martin","SF","Charlotte Hornets",,,
"Brandon Miller","SF","Charlotte Hornets","Ankle","Probable","2024-12-24"
"Nick Smith Jr.","SF","Charlotte Hornets",,,
"Tidjane Salauen","SF","Charlotte Hornets",,,
"Miles Bridges","SF","Charlotte Hornets",,,
"DaQuan Jeffries","SF","Charlotte Hornets",,,
"Seth Curry","SF","Charlotte Hornets",,,
"Brandon Miller","SG","Charlotte Hornets","Ankle","Probable","2024-12-24"
"Seth Curry","SG","Charlotte Hornets",,,
"Isaiah Wong","SG","Charlotte Hornets",,,
"Cody Martin","SG","Charlotte Hornets",,,
"Nick Smith Jr.","SG","Charlotte Hornets",,,
"Vasilije Micic","SG","Charlotte Hornets",,,
"Josh Green","SG","Charlotte Hornets",,,
"DaQuan Jeffries","SG","Charlotte Hornets",,,
"Tre Mann","SG","Charlotte Hornets","Back","Expected To Be Out Until At Least Jan 3","2024-12-16"
"Victor Wembanyama","C","San Antonio Spurs",,,
"Charles Bassey","C","San Antonio Spurs",,,
"Zach Collins","C","San Antonio Spurs","Back","Probable","2024-12-15"
"Sandro Mamukelashvili","C","San Antonio Spurs",,,
"Jeremy Sochan","C","San Antonio Spurs",,,
"Jeremy Sochan","PF","San Antonio Spurs",,,
"Keldon Johnson","PF","San Antonio Spurs","Calf","Probable","2024-12-16"
"Harrison Barnes","PF","San Antonio Spurs",,,
"Sandro Mamukelashvili","PF","San Antonio Spurs",,,
"Julian Champagnie","PF","San Antonio Spurs",,,
"Harrison Ingram","PF","San Antonio Spurs",,,
"Victor Wembanyama","PF","San Antonio Spurs",,,
"Zach Collins","PF","San Antonio Spurs","Back","Probable","2024-12-15"
"Riley Minix","PF","San Antonio Spurs",,,
"Chris Paul","PG","San Antonio Spurs",,,
"Tre Jones","PG","San Antonio Spurs","Shoulder","Probable","2024-12-18"
"Stephon Castle","PG","San Antonio Spurs",,,
"Malaki Branham","PG","San Antonio Spurs",,,
"Blake Wesley","PG","San Antonio Spurs",,,
"Jeremy Sochan","PG","San Antonio Spurs",,,
"David Duke Jr","PG","San Antonio Spurs",,,
"Devin Vassell","PG","San Antonio Spurs",,,
"Harrison Barnes","SF","San Antonio Spurs",,,
"Julian Champagnie","SF","San Antonio Spurs",,,
"Devin Vassell","SF","San Antonio Spurs",,,
"Keldon Johnson","SF","San Antonio Spurs","Calf","Probable","2024-12-16"
"Malaki Branham","SF","San Antonio Spurs",,,
"Jeremy Sochan","SF","San Antonio Spurs",,,
"Stephon Castle","SF","San Antonio Spurs",,,
"Harrison Ingram","SF","San Antonio Spurs",,,
"David Duke Jr","SF","San Antonio Spurs",,,
"Riley Minix","SF","San Antonio Spurs",,,
"Devin Vassell","SG","San Antonio Spurs",,,
"Stephon Castle","SG","San Antonio Spurs",,,
"Julian Champagnie","SG","San Antonio Spurs",,,
"Malaki Branham","SG","San Antonio Spurs",,,
"Blake Wesley","SG","San Antonio Spurs",,,
"David Duke Jr","SG","San Antonio Spurs",,,
"Alex Sarr","C","Washington Wizards","Back","Probable","2024-12-24"
"Jonas Valanciunas","C","Washington Wizards",,,
"Marvin Bagley III","C","Washington Wizards","Knee","Probable","2024-12-23"
"Anthony Gill","C","Washington Wizards",,,
"Richaun Holmes","C","Washington Wizards",,,
"Kyle Kuzma","C","Washington Wizards","Ribs","Probable","2024-12-24"
"Tristan Vukcevic","C","Washington Wizards",,,
"Kyle Kuzma","PF","Washington Wizards","Ribs","Probable","2024-12-24"
"Kyshawn George","PF","Washington Wizards",,,
"Justin Champagnie","PF","Washington Wizards",,,
"Alex Sarr","PF","Washington Wizards","Back","Probable","2024-12-24"
"Patrick Baldwin Jr.","PF","Washington Wizards",,,
"Anthony Gill","PF","Washington Wizards",,,
"Marvin Bagley III","PF","Washington Wizards","Knee","Probable","2024-12-23"
"Corey Kispert","PF","Washington Wizards",,,
"Bilal Coulibaly","PF","Washington Wizards","Groin","Probable","2024-12-24"
"Tristan Vukcevic","PF","Washington Wizards",,,
"Saddiq Bey","PF","Washington Wizards","Knee","Expected To Be Out Until At Least Jan 12","2024-10-25"
"Jordan Poole","PG","Washington Wizards",,,
"Carlton Carrington","PG","Washington Wizards","Side","Probable","2024-12-23"
"Malcolm Brogdon","PG","Washington Wizards",,,
"Jared Butler","PG","Washington Wizards",,,
"Johnny Davis","PG","Washington Wizards",,,
"Bilal Coulibaly","SF","Washington Wizards","Groin","Probable","2024-12-24"
"Justin Champagnie","SF","Washington Wizards",,,
"Corey Kispert","SF","Washington Wizards",,,
"Kyshawn George","SF","Washington Wizards",,,
"Johnny Davis","SF","Washington Wizards",,,
"Kyle Kuzma","SF","Washington Wizards","Ribs","Probable","2024-12-24"
"Patrick Baldwin Jr.","SF","Washington Wizards",,,
"Saddiq Bey","SF","Washington Wizards","Knee","Expected To Be Out Until At Least Jan 12","2024-10-25"
"Malcolm Brogdon","SG","Washington Wizards",,,
"Corey Kispert","SG","Washington Wizards",,,
"Carlton Carrington","SG","Washington Wizards","Side","Probable","2024-12-23"
"Jordan Poole","SG","Washington Wizards",,,
"Johnny Davis","SG","Washington Wizards",,,
"Kyshawn George","SG","Washington Wizards",,,
"Bilal Coulibaly","SG","Washington Wizards","Groin","Probable","2024-12-24"
"Justin Champagnie","SG","Washington Wizards",,,
"Jared Butler","SG","Washington Wizards",,,
"Jakob Poeltl","C","Toronto Raptors","Groin","Probable","2024-12-24"
"Kelly Olynyk","C","Toronto Raptors",,,
"Jonathan Mogbo","C","Toronto Raptors",,,
"Bruno Fernando","C","Toronto Raptors",,,
"Chris Boucher","C","Toronto Raptors",,,
"Ulrich Chomche","C","Toronto Raptors",,,
"Ochai Agbaji","PF","Toronto Raptors",,,
"Jonathan Mogbo","PF","Toronto Raptors",,,
"Chris Boucher","PF","Toronto Raptors",,,
"Scottie Barnes","PF","Toronto Raptors",,,
"RJ Barrett","PF","Toronto Raptors",,,
"Jamison Battle","PF","Toronto Raptors",,,
"Kelly Olynyk","PF","Toronto Raptors",,,
"Bruce Brown Jr.","PF","Toronto Raptors","Knee","Probable","2024-12-24"
"Ulrich Chomche","PF","Toronto Raptors",,,
"Scottie Barnes","PG","Toronto Raptors",,,
"Davion Mitchell","PG","Toronto Raptors",,,
"Jamal Shead","PG","Toronto Raptors","Knee","Probable","2024-12-24"
"RJ Barrett","PG","Toronto Raptors",,,
"Bruce Brown Jr.","PG","Toronto Raptors","Knee","Probable","2024-12-24"
"AJ Lawson","PG","Toronto Raptors",,,
"Immanuel Quickley","PG","Toronto Raptors","Elbow","Expected To Be Out Until At Least Jan 3","2024-12-15"
"RJ Barrett","SF","Toronto Raptors",,,
"Bruce Brown Jr.","SF","Toronto Raptors","Knee","Probable","2024-12-24"
"Jamison Battle","SF","Toronto Raptors",,,
"Ja'Kobe Walter","SF","Toronto Raptors",,,
"Ochai Agbaji","SF","Toronto Raptors",,,
"Gradey Dick","SF","Toronto Raptors",,,
"Scottie Barnes","SF","Toronto Raptors",,,
"Jonathan Mogbo","SF","Toronto Raptors",,,
"Garrett Temple","SF","Toronto Raptors",,,
"AJ Lawson","SF","Toronto Raptors",,,
"Gradey Dick","SG","Toronto Raptors",,,
"Ja'Kobe Walter","SG","Toronto Raptors",,,
"Davion Mitchell","SG","Toronto Raptors",,,
"Bruce Brown Jr.","SG","Toronto Raptors","Knee","Probable","2024-12-24"
"Ochai Agbaji","SG","Toronto Raptors",,,
"RJ Barrett","SG","Toronto Raptors",,,
"Garrett Temple","SG","Toronto Raptors",,,
"AJ Lawson","SG","Toronto Raptors",,,
"Immanuel Quickley","SG","Toronto Raptors","Elbow","Expected To Be Out Until At Least Jan 3","2024-12-15"
"Scottie Barnes","SG","Toronto Raptors",,,